"ModelID","SampleID","CompoundName","CompoundID","EC50","LowerAsymptote","UpperAsymptote","Slope","MinimumDose","MaximumDose","DoseUnit","CellLineName","StrippedCellLineName","DepmapModelType","TargetOrMechanism","GeneSymbolOfTargets"
"ACH-001333","GDSC2:1786","1035270-39-3","DPC-000027",0.000427101488980405,0.999496995129484,1.00662534120034,-0.0986720176451539,0.00100052698506632,1,"uM","C-33 A","C33A","CESC","FGFR INHIBITOR","FGFR1;FGFR2;FGFR3;FGFR4;IGF1R;KDR"
"ACH-001334","GDSC2:1786","1035270-39-3","DPC-000027",1.1632554366255,0.658190493171387,0.894199132432019,-8.4740800035944,0.00100052698506632,1,"uM","C-4 I","C4I","CESC","FGFR INHIBITOR","FGFR1;FGFR2;FGFR3;FGFR4;IGF1R;KDR"
"ACH-001336","GDSC2:1786","1035270-39-3","DPC-000027",1.34791028788008,0,1.00449059437854,-8.28036861312243,0.00100052698506632,1,"uM","Ca Ski","CASKI","CESC","FGFR INHIBITOR","FGFR1;FGFR2;FGFR3;FGFR4;IGF1R;KDR"
"ACH-001341","GDSC2:1786","1035270-39-3","DPC-000027",0.188502614813721,0.817244597870742,1.00241774796857,1e-05,0.00100052698506632,1,"uM","DoTc2 4510","DOTC24510","MCCE","FGFR INHIBITOR","FGFR1;FGFR2;FGFR3;FGFR4;IGF1R;KDR"
"ACH-001525","GDSC2:1786","1035270-39-3","DPC-000027",0.0340408096086324,0.83947510462277,0.932275325390445,1e-05,0.00100052698506632,1,"uM","HT-3","HT3","CEAD","FGFR INHIBITOR","FGFR1;FGFR2;FGFR3;FGFR4;IGF1R;KDR"
"ACH-001086","GDSC2:1786","1035270-39-3","DPC-000027",0.108426049869661,0.866083244291827,1.01,-14.1095943430497,0.00100052698506632,1,"uM","HeLa","HELA","ECAD","FGFR INHIBITOR","FGFR1;FGFR2;FGFR3;FGFR4;IGF1R;KDR"
"ACH-001359","GDSC2:1786","1035270-39-3","DPC-000027",0.00276818786952758,0.960103874180173,1.00999999994702,-7.51305178522828,0.00100052698506632,1,"uM","ME-180","ME180","CESC","FGFR INHIBITOR","FGFR1;FGFR2;FGFR3;FGFR4;IGF1R;KDR"
"ACH-001360","GDSC2:1786","1035270-39-3","DPC-000027",14.0035024983977,0.0119880097223038,0.927247547150108,-1.01741491345082,0.00100052698506632,1,"uM","MS751","MS751","CESC","FGFR INHIBITOR","FGFR1;FGFR2;FGFR3;FGFR4;IGF1R;KDR"
"ACH-000129","GDSC2:1786","1035270-39-3","DPC-000027",0.0190010305007887,0.745732176232407,0.800000000586746,-16.9393991890953,0.00100052698506632,1,"uM","NCI-H1341","NCIH1341","SCNEC","FGFR INHIBITOR","FGFR1;FGFR2;FGFR3;FGFR4;IGF1R;KDR"
"ACH-002180","GDSC2:1786","1035270-39-3","DPC-000027",0.00890201927902182,0.91282905473848,1.00985364423731,-7.85913059877218,0.0100052698506632,10,"uM","OMC-1","OMC1","CESC","FGFR INHIBITOR","FGFR1;FGFR2;FGFR3;FGFR4;IGF1R;KDR"
"ACH-000556","GDSC2:1786","1035270-39-3","DPC-000027",0.000462018512602188,0.840803997735841,1.00848544972889,-4.71753435071285,0.00100052698506632,1,"uM","SIHA","SIHA","CESC","FGFR INHIBITOR","FGFR1;FGFR2;FGFR3;FGFR4;IGF1R;KDR"
"ACH-001650","GDSC2:1786","1035270-39-3","DPC-000027",0.00109173876781349,0.907024538291998,1.00999810230409,-8.24908689479591,0.00100052698506632,1,"uM","SISO","SISO","CEAD","FGFR INHIBITOR","FGFR1;FGFR2;FGFR3;FGFR4;IGF1R;KDR"
"ACH-001402","GDSC2:1786","1035270-39-3","DPC-000027",1.10566282907891,0.651822064602511,0.941357336396316,-6.06308643689854,0.00100052698506632,1,"uM","SW756","SW756","CESC","FGFR INHIBITOR","FGFR1;FGFR2;FGFR3;FGFR4;IGF1R;KDR"
"ACH-002201","GDSC2:1786","1035270-39-3","DPC-000027",2.52612231546326,0,0.8,-2.34482005682308,0.00100052698506632,1,"uM","TC-YIK","TCYIK","SCCE","FGFR INHIBITOR","FGFR1;FGFR2;FGFR3;FGFR4;IGF1R;KDR"
"ACH-001333","GDSC2:1085","284461-73-0","DPC-000083",3.07302157891781,0.152705582132707,1.01,-13.6745563457474,0.0100052698506632,10,"uM","C-33 A","C33A","CESC","FLT3 INHIBITOR, KIT INHIBITOR, PDGFR TYROSINE KINASE RECEPTOR INHIBITOR, RAF INHIBITOR, RET TYROSINE KINASE INHIBITOR, VEGFR INHIBITOR","BRAF;DDR2;FGFR1;FLT1;FLT3;FLT4;KDR;KIT;PDGFRB;RAF1;RET"
"ACH-001334","GDSC2:1085","284461-73-0","DPC-000083",5.40231550792583,0.0300285364506821,1.01,-2.24814201593334,0.0100052698506632,10,"uM","C-4 I","C4I","CESC","FLT3 INHIBITOR, KIT INHIBITOR, PDGFR TYROSINE KINASE RECEPTOR INHIBITOR, RAF INHIBITOR, RET TYROSINE KINASE INHIBITOR, VEGFR INHIBITOR","BRAF;DDR2;FGFR1;FLT1;FLT3;FLT4;KDR;KIT;PDGFRB;RAF1;RET"
"ACH-001336","GDSC2:1085","284461-73-0","DPC-000083",9.32311840778352,0.493427683545979,1.01,-12.6610127892282,0.0100052698506632,10,"uM","Ca Ski","CASKI","CESC","FLT3 INHIBITOR, KIT INHIBITOR, PDGFR TYROSINE KINASE RECEPTOR INHIBITOR, RAF INHIBITOR, RET TYROSINE KINASE INHIBITOR, VEGFR INHIBITOR","BRAF;DDR2;FGFR1;FLT1;FLT3;FLT4;KDR;KIT;PDGFRB;RAF1;RET"
"ACH-001341","GDSC2:1085","284461-73-0","DPC-000083",3.25491485071262,0.643464841640762,1.01,-13.3444951669952,0.0100052698506632,10,"uM","DoTc2 4510","DOTC24510","MCCE","FLT3 INHIBITOR, KIT INHIBITOR, PDGFR TYROSINE KINASE RECEPTOR INHIBITOR, RAF INHIBITOR, RET TYROSINE KINASE INHIBITOR, VEGFR INHIBITOR","BRAF;DDR2;FGFR1;FLT1;FLT3;FLT4;KDR;KIT;PDGFRB;RAF1;RET"
"ACH-001525","GDSC2:1085","284461-73-0","DPC-000083",1.16293223700259,0.584501024381283,1.01,-16.366310359701,0.0100052698506632,10,"uM","HT-3","HT3","CEAD","FLT3 INHIBITOR, KIT INHIBITOR, PDGFR TYROSINE KINASE RECEPTOR INHIBITOR, RAF INHIBITOR, RET TYROSINE KINASE INHIBITOR, VEGFR INHIBITOR","BRAF;DDR2;FGFR1;FLT1;FLT3;FLT4;KDR;KIT;PDGFRB;RAF1;RET"
"ACH-001086","GDSC2:1085","284461-73-0","DPC-000083",7.17523933387034,0.0788309973359607,1.01,-1.62737969653156,0.0100052698506632,10,"uM","HeLa","HELA","ECAD","FLT3 INHIBITOR, KIT INHIBITOR, PDGFR TYROSINE KINASE RECEPTOR INHIBITOR, RAF INHIBITOR, RET TYROSINE KINASE INHIBITOR, VEGFR INHIBITOR","BRAF;DDR2;FGFR1;FLT1;FLT3;FLT4;KDR;KIT;PDGFRB;RAF1;RET"
"ACH-001359","GDSC2:1085","284461-73-0","DPC-000083",2.79092902940703,0.541404100211469,1.01,-14.1558294831936,0.0100052698506632,10,"uM","ME-180","ME180","CESC","FLT3 INHIBITOR, KIT INHIBITOR, PDGFR TYROSINE KINASE RECEPTOR INHIBITOR, RAF INHIBITOR, RET TYROSINE KINASE INHIBITOR, VEGFR INHIBITOR","BRAF;DDR2;FGFR1;FLT1;FLT3;FLT4;KDR;KIT;PDGFRB;RAF1;RET"
"ACH-001360","GDSC2:1085","284461-73-0","DPC-000083",6.71546667485593,0.292755465364511,1.01,-1.52822791217319,0.0100052698506632,10,"uM","MS751","MS751","CESC","FLT3 INHIBITOR, KIT INHIBITOR, PDGFR TYROSINE KINASE RECEPTOR INHIBITOR, RAF INHIBITOR, RET TYROSINE KINASE INHIBITOR, VEGFR INHIBITOR","BRAF;DDR2;FGFR1;FLT1;FLT3;FLT4;KDR;KIT;PDGFRB;RAF1;RET"
"ACH-000129","GDSC2:1085","284461-73-0","DPC-000083",3.3280677264609,0.284483936927124,1.01,-11.288292130202,0.0100052698506632,10,"uM","NCI-H1341","NCIH1341","SCNEC","FLT3 INHIBITOR, KIT INHIBITOR, PDGFR TYROSINE KINASE RECEPTOR INHIBITOR, RAF INHIBITOR, RET TYROSINE KINASE INHIBITOR, VEGFR INHIBITOR","BRAF;DDR2;FGFR1;FLT1;FLT3;FLT4;KDR;KIT;PDGFRB;RAF1;RET"
"ACH-002180","GDSC2:1085","284461-73-0","DPC-000083",4.08727288790753,0.405131385216688,0.972267994518116,-10.6743927929514,0.0100052698506632,10,"uM","OMC-1","OMC1","CESC","FLT3 INHIBITOR, KIT INHIBITOR, PDGFR TYROSINE KINASE RECEPTOR INHIBITOR, RAF INHIBITOR, RET TYROSINE KINASE INHIBITOR, VEGFR INHIBITOR","BRAF;DDR2;FGFR1;FLT1;FLT3;FLT4;KDR;KIT;PDGFRB;RAF1;RET"
"ACH-000556","GDSC2:1085","284461-73-0","DPC-000083",3.22579362007514,0.456059770343441,1.01,-13.9574243281322,0.0100052698506632,10,"uM","SIHA","SIHA","CESC","FLT3 INHIBITOR, KIT INHIBITOR, PDGFR TYROSINE KINASE RECEPTOR INHIBITOR, RAF INHIBITOR, RET TYROSINE KINASE INHIBITOR, VEGFR INHIBITOR","BRAF;DDR2;FGFR1;FLT1;FLT3;FLT4;KDR;KIT;PDGFRB;RAF1;RET"
"ACH-001650","GDSC2:1085","284461-73-0","DPC-000083",9.70871736191201,0,1.01,-1.78050728176566,0.0100052698506632,10,"uM","SISO","SISO","CEAD","FLT3 INHIBITOR, KIT INHIBITOR, PDGFR TYROSINE KINASE RECEPTOR INHIBITOR, RAF INHIBITOR, RET TYROSINE KINASE INHIBITOR, VEGFR INHIBITOR","BRAF;DDR2;FGFR1;FLT1;FLT3;FLT4;KDR;KIT;PDGFRB;RAF1;RET"
"ACH-001402","GDSC2:1085","284461-73-0","DPC-000083",2.37881051805584,0.542907033110452,0.96221792446423,-2.34127028775499,0.0100052698506632,10,"uM","SW756","SW756","CESC","FLT3 INHIBITOR, KIT INHIBITOR, PDGFR TYROSINE KINASE RECEPTOR INHIBITOR, RAF INHIBITOR, RET TYROSINE KINASE INHIBITOR, VEGFR INHIBITOR","BRAF;DDR2;FGFR1;FLT1;FLT3;FLT4;KDR;KIT;PDGFRB;RAF1;RET"
"ACH-002201","GDSC2:1085","284461-73-0","DPC-000083",3.31397201250446,0.012972243171512,1.01,-12.5006256690449,0.0100052698506632,10,"uM","TC-YIK","TCYIK","SCCE","FLT3 INHIBITOR, KIT INHIBITOR, PDGFR TYROSINE KINASE RECEPTOR INHIBITOR, RAF INHIBITOR, RET TYROSINE KINASE INHIBITOR, VEGFR INHIBITOR","BRAF;DDR2;FGFR1;FLT1;FLT3;FLT4;KDR;KIT;PDGFRB;RAF1;RET"
"ACH-001333","GDSC2:1021","AG-13736","DPC-000366",2.5498619424387,0.401707815348139,0.977260092068238,-1.8584209086587,0.0100052698506632,10,"uM","C-33 A","C33A","CESC","PDGFR TYROSINE KINASE RECEPTOR INHIBITOR, VEGFR INHIBITOR","CSF1;FLT1;FLT4;KDR;PLK4"
"ACH-001334","GDSC2:1021","AG-13736","DPC-000366",3.17254216921933,0.670977535330007,0.923612055860856,-16.3832311322835,0.0100052698506632,10,"uM","C-4 I","C4I","CESC","PDGFR TYROSINE KINASE RECEPTOR INHIBITOR, VEGFR INHIBITOR","CSF1;FLT1;FLT4;KDR;PLK4"
"ACH-001336","GDSC2:1021","AG-13736","DPC-000366",3.86440241688081,0.462417788955594,0.981599243748975,-1.37047820773466,0.0100052698506632,10,"uM","Ca Ski","CASKI","CESC","PDGFR TYROSINE KINASE RECEPTOR INHIBITOR, VEGFR INHIBITOR","CSF1;FLT1;FLT4;KDR;PLK4"
"ACH-001341","GDSC2:1021","AG-13736","DPC-000366",2.4158579638214,0.809614841086193,0.982592810617945,-2.74879862501749,0.0100052698506632,10,"uM","DoTc2 4510","DOTC24510","MCCE","PDGFR TYROSINE KINASE RECEPTOR INHIBITOR, VEGFR INHIBITOR","CSF1;FLT1;FLT4;KDR;PLK4"
"ACH-001525","GDSC2:1021","AG-13736","DPC-000366",13.0442088754062,0.28883329147439,1.00999999885389,-1.88330468096385,0.0100052698506632,10,"uM","HT-3","HT3","CEAD","PDGFR TYROSINE KINASE RECEPTOR INHIBITOR, VEGFR INHIBITOR","CSF1;FLT1;FLT4;KDR;PLK4"
"ACH-001086","GDSC2:1021","AG-13736","DPC-000366",3.98518517358368,0.0435651278516372,1.01,-0.759456360428661,0.0100052698506632,10,"uM","HeLa","HELA","ECAD","PDGFR TYROSINE KINASE RECEPTOR INHIBITOR, VEGFR INHIBITOR","CSF1;FLT1;FLT4;KDR;PLK4"
"ACH-001359","GDSC2:1021","AG-13736","DPC-000366",3.69389253084193,0.700363060213081,0.985803685352069,-9.89890711479438,0.0100052698506632,10,"uM","ME-180","ME180","CESC","PDGFR TYROSINE KINASE RECEPTOR INHIBITOR, VEGFR INHIBITOR","CSF1;FLT1;FLT4;KDR;PLK4"
"ACH-001360","GDSC2:1021","AG-13736","DPC-000366",2.40342582915847,0.593440669633065,0.946787728457998,-18.5400325743464,0.0100052698506632,10,"uM","MS751","MS751","CESC","PDGFR TYROSINE KINASE RECEPTOR INHIBITOR, VEGFR INHIBITOR","CSF1;FLT1;FLT4;KDR;PLK4"
"ACH-000129","GDSC2:1021","AG-13736","DPC-000366",1.01676224966909,0.615059226770484,0.905810647358456,-14.0470891662529,0.0100052698506632,10,"uM","NCI-H1341","NCIH1341","SCNEC","PDGFR TYROSINE KINASE RECEPTOR INHIBITOR, VEGFR INHIBITOR","CSF1;FLT1;FLT4;KDR;PLK4"
"ACH-002180","GDSC2:1021","AG-13736","DPC-000366",12.8954171659016,0.669364241146086,0.936898946960935,-6.07781396726444,0.0100052698506632,10,"uM","OMC-1","OMC1","CESC","PDGFR TYROSINE KINASE RECEPTOR INHIBITOR, VEGFR INHIBITOR","CSF1;FLT1;FLT4;KDR;PLK4"
"ACH-000556","GDSC2:1021","AG-13736","DPC-000366",3.14325455435661,0.663580536902103,0.976952155318695,-16.0944397804246,0.0100052698506632,10,"uM","SIHA","SIHA","CESC","PDGFR TYROSINE KINASE RECEPTOR INHIBITOR, VEGFR INHIBITOR","CSF1;FLT1;FLT4;KDR;PLK4"
"ACH-001650","GDSC2:1021","AG-13736","DPC-000366",3.06836589129519,0.715901433292422,0.981523058539306,-14.2764956507941,0.0100052698506632,10,"uM","SISO","SISO","CEAD","PDGFR TYROSINE KINASE RECEPTOR INHIBITOR, VEGFR INHIBITOR","CSF1;FLT1;FLT4;KDR;PLK4"
"ACH-001402","GDSC2:1021","AG-13736","DPC-000366",6.73520520891526,0.620056961800549,1.00289356377407,-2.52919287440429,0.0100052698506632,10,"uM","SW756","SW756","CESC","PDGFR TYROSINE KINASE RECEPTOR INHIBITOR, VEGFR INHIBITOR","CSF1;FLT1;FLT4;KDR;PLK4"
"ACH-002201","GDSC2:1021","AG-13736","DPC-000366",1.39992432456382,0.26944398666285,0.984208344887211,-2.70795696813017,0.0100052698506632,10,"uM","TC-YIK","TCYIK","SCCE","PDGFR TYROSINE KINASE RECEPTOR INHIBITOR, VEGFR INHIBITOR","CSF1;FLT1;FLT4;KDR;PLK4"
"ACH-001333","GDSC2:1029","AMG 706","DPC-000504",0.139406236715623,1.01,1.01,1e-05,0.0100052698506632,10,"uM","C-33 A","C33A","CESC","KIT INHIBITOR, PDGFR TYROSINE KINASE RECEPTOR INHIBITOR, VEGFR INHIBITOR","FLT1;FLT4;KDR;KIT"
"ACH-001334","GDSC2:1029","AMG 706","DPC-000504",0.474019084915407,1.01,1.01,1e-05,0.0100052698506632,10,"uM","C-4 I","C4I","CESC","KIT INHIBITOR, PDGFR TYROSINE KINASE RECEPTOR INHIBITOR, VEGFR INHIBITOR","FLT1;FLT4;KDR;KIT"
"ACH-001336","GDSC2:1029","AMG 706","DPC-000504",0.605162724733387,1.01,1.01,1e-05,0.0100052698506632,10,"uM","Ca Ski","CASKI","CESC","KIT INHIBITOR, PDGFR TYROSINE KINASE RECEPTOR INHIBITOR, VEGFR INHIBITOR","FLT1;FLT4;KDR;KIT"
"ACH-001341","GDSC2:1029","AMG 706","DPC-000504",0.176781172461063,0.975202617144125,0.987110488490133,-12.7147856924689,0.0100052698506632,10,"uM","DoTc2 4510","DOTC24510","MCCE","KIT INHIBITOR, PDGFR TYROSINE KINASE RECEPTOR INHIBITOR, VEGFR INHIBITOR","FLT1;FLT4;KDR;KIT"
"ACH-001525","GDSC2:1029","AMG 706","DPC-000504",0.30824851283322,1.01,1.01,1e-05,0.0100052698506632,10,"uM","HT-3","HT3","CEAD","KIT INHIBITOR, PDGFR TYROSINE KINASE RECEPTOR INHIBITOR, VEGFR INHIBITOR","FLT1;FLT4;KDR;KIT"
"ACH-001086","GDSC2:1029","AMG 706","DPC-000504",0.247007938562841,1.01,1.01,1e-05,0.0100052698506632,10,"uM","HeLa","HELA","ECAD","KIT INHIBITOR, PDGFR TYROSINE KINASE RECEPTOR INHIBITOR, VEGFR INHIBITOR","FLT1;FLT4;KDR;KIT"
"ACH-001359","GDSC2:1029","AMG 706","DPC-000504",34.4205211279951,1.01,1.01,-0.0844533426064166,0.0100052698506632,10,"uM","ME-180","ME180","CESC","KIT INHIBITOR, PDGFR TYROSINE KINASE RECEPTOR INHIBITOR, VEGFR INHIBITOR","FLT1;FLT4;KDR;KIT"
"ACH-001360","GDSC2:1029","AMG 706","DPC-000504",18640.351291409,1.01,1.01,1e-05,0.0100052698506632,10,"uM","MS751","MS751","CESC","KIT INHIBITOR, PDGFR TYROSINE KINASE RECEPTOR INHIBITOR, VEGFR INHIBITOR","FLT1;FLT4;KDR;KIT"
"ACH-000129","GDSC2:1029","AMG 706","DPC-000504",0.0734843847374509,0.794707880310531,1.01,-0.573244983366219,0.0100052698506632,10,"uM","NCI-H1341","NCIH1341","SCNEC","KIT INHIBITOR, PDGFR TYROSINE KINASE RECEPTOR INHIBITOR, VEGFR INHIBITOR","FLT1;FLT4;KDR;KIT"
"ACH-002180","GDSC2:1029","AMG 706","DPC-000504",18.6982034625838,0.299459894243443,1.0099999909998,-5.44955112466983,0.0100052698506632,10,"uM","OMC-1","OMC1","CESC","KIT INHIBITOR, PDGFR TYROSINE KINASE RECEPTOR INHIBITOR, VEGFR INHIBITOR","FLT1;FLT4;KDR;KIT"
"ACH-000556","GDSC2:1029","AMG 706","DPC-000504",0.602046577854557,1.01,1.01,1e-05,0.0100052698506632,10,"uM","SIHA","SIHA","CESC","KIT INHIBITOR, PDGFR TYROSINE KINASE RECEPTOR INHIBITOR, VEGFR INHIBITOR","FLT1;FLT4;KDR;KIT"
"ACH-001650","GDSC2:1029","AMG 706","DPC-000504",2.90875233101519,1.01,1.01,1e-05,0.0100052698506632,10,"uM","SISO","SISO","CEAD","KIT INHIBITOR, PDGFR TYROSINE KINASE RECEPTOR INHIBITOR, VEGFR INHIBITOR","FLT1;FLT4;KDR;KIT"
"ACH-001402","GDSC2:1029","AMG 706","DPC-000504",0.141199752548125,0.764469038609779,1.01,1e-05,0.0100052698506632,10,"uM","SW756","SW756","CESC","KIT INHIBITOR, PDGFR TYROSINE KINASE RECEPTOR INHIBITOR, VEGFR INHIBITOR","FLT1;FLT4;KDR;KIT"
"ACH-002201","GDSC2:1029","AMG 706","DPC-000504",1.71319847260887,1.01,1.01,-0.284072744718531,0.0100052698506632,10,"uM","TC-YIK","TCYIK","SCCE","KIT INHIBITOR, PDGFR TYROSINE KINASE RECEPTOR INHIBITOR, VEGFR INHIBITOR","FLT1;FLT4;KDR;KIT"
"ACH-001333","GDSC2:1922","AZD 2171","DPC-000816",5.09603295836483,0,1.01,-2.34234472457947,0.0100052698506632,10,"uM","C-33 A","C33A","CESC","KIT INHIBITOR, VEGFR INHIBITOR","CSF1R;FLT1;FLT3;FLT4;KDR;KIT;PDGFRA;PDGFRB"
"ACH-001334","GDSC2:1922","AZD 2171","DPC-000816",6.11145611302704,0,0.898343128553017,-4.73977280936584,0.0100052698506632,10,"uM","C-4 I","C4I","CESC","KIT INHIBITOR, VEGFR INHIBITOR","CSF1R;FLT1;FLT3;FLT4;KDR;KIT;PDGFRA;PDGFRB"
"ACH-001336","GDSC2:1922","AZD 2171","DPC-000816",4.46561009110263,0,0.900519123517011,-2.21582059432083,0.0100052698506632,10,"uM","Ca Ski","CASKI","CESC","KIT INHIBITOR, VEGFR INHIBITOR","CSF1R;FLT1;FLT3;FLT4;KDR;KIT;PDGFRA;PDGFRB"
"ACH-001341","GDSC2:1922","AZD 2171","DPC-000816",6.4166831487329,0,0.897049604637194,-2.63992338897879,0.0100052698506632,10,"uM","DoTc2 4510","DOTC24510","MCCE","KIT INHIBITOR, VEGFR INHIBITOR","CSF1R;FLT1;FLT3;FLT4;KDR;KIT;PDGFRA;PDGFRB"
"ACH-001525","GDSC2:1922","AZD 2171","DPC-000816",11.3793625405817,0.00683648317074584,0.811534554817785,-10.8972456090464,0.0100052698506632,10,"uM","HT-3","HT3","CEAD","KIT INHIBITOR, VEGFR INHIBITOR","CSF1R;FLT1;FLT3;FLT4;KDR;KIT;PDGFRA;PDGFRB"
"ACH-001086","GDSC2:1922","AZD 2171","DPC-000816",6.63052876621011,0.648219206061756,1.00999999719582,-4.36539792856404,0.0100052698506632,10,"uM","HeLa","HELA","ECAD","KIT INHIBITOR, VEGFR INHIBITOR","CSF1R;FLT1;FLT3;FLT4;KDR;KIT;PDGFRA;PDGFRB"
"ACH-001359","GDSC2:1922","AZD 2171","DPC-000816",4.17030366301436,0.163982162595971,0.956170863350914,-0.888764024035207,0.0100052698506632,10,"uM","ME-180","ME180","CESC","KIT INHIBITOR, VEGFR INHIBITOR","CSF1R;FLT1;FLT3;FLT4;KDR;KIT;PDGFRA;PDGFRB"
"ACH-001360","GDSC2:1922","AZD 2171","DPC-000816",6.33607546614287,0,0.8,-2.24780415122108,0.0100052698506632,10,"uM","MS751","MS751","CESC","KIT INHIBITOR, VEGFR INHIBITOR","CSF1R;FLT1;FLT3;FLT4;KDR;KIT;PDGFRA;PDGFRB"
"ACH-000129","GDSC2:1922","AZD 2171","DPC-000816",10.9270771622246,0.468547638757716,0.973934467684301,-8.43709149823348,0.0100052698506632,10,"uM","NCI-H1341","NCIH1341","SCNEC","KIT INHIBITOR, VEGFR INHIBITOR","CSF1R;FLT1;FLT3;FLT4;KDR;KIT;PDGFRA;PDGFRB"
"ACH-002180","GDSC2:1922","AZD 2171","DPC-000816",27.0163070184345,0,0.830288107983554,-1.02147505186105,0.0100052698506632,10,"uM","OMC-1","OMC1","CESC","KIT INHIBITOR, VEGFR INHIBITOR","CSF1R;FLT1;FLT3;FLT4;KDR;KIT;PDGFRA;PDGFRB"
"ACH-000556","GDSC2:1922","AZD 2171","DPC-000816",3.49719174157815,0.710196515336429,0.881094327166061,-13.1642597852156,0.0100052698506632,10,"uM","SIHA","SIHA","CESC","KIT INHIBITOR, VEGFR INHIBITOR","CSF1R;FLT1;FLT3;FLT4;KDR;KIT;PDGFRA;PDGFRB"
"ACH-001650","GDSC2:1922","AZD 2171","DPC-000816",6.21376193765604,0,0.964372339424382,-2.28285388398933,0.0100052698506632,10,"uM","SISO","SISO","CEAD","KIT INHIBITOR, VEGFR INHIBITOR","CSF1R;FLT1;FLT3;FLT4;KDR;KIT;PDGFRA;PDGFRB"
"ACH-001402","GDSC2:1922","AZD 2171","DPC-000816",23.23624510865,0,0.908191140031239,-1.02658498382301,0.0100052698506632,10,"uM","SW756","SW756","CESC","KIT INHIBITOR, VEGFR INHIBITOR","CSF1R;FLT1;FLT3;FLT4;KDR;KIT;PDGFRA;PDGFRB"
"ACH-002201","GDSC2:1922","AZD 2171","DPC-000816",2.49765751068231,0,1.01,-1.2629936289586,0.0100052698506632,10,"uM","TC-YIK","TCYIK","SCCE","KIT INHIBITOR, VEGFR INHIBITOR","CSF1R;FLT1;FLT3;FLT4;KDR;KIT;PDGFRA;PDGFRB"
"ACH-001333","GDSC2:1091","BMS 536924","DPC-001140",8.87072003611548,0.310116461596358,1.01,-0.797954903607851,0.0100052698506632,10,"uM","C-33 A","C33A","CESC","IGF-1 INHIBITOR","AKT1;CCNE1;CDK2;CYP3A4;ERBB2;IGF1R;KDR;LCK;MAPK1;MET;PDGFRA;PDGFRB"
"ACH-001334","GDSC2:1091","BMS 536924","DPC-001140",14.0514344657107,0,0.916850697666031,-1.01382676755845,0.0100052698506632,10,"uM","C-4 I","C4I","CESC","IGF-1 INHIBITOR","AKT1;CCNE1;CDK2;CYP3A4;ERBB2;IGF1R;KDR;LCK;MAPK1;MET;PDGFRA;PDGFRB"
"ACH-001336","GDSC2:1091","BMS 536924","DPC-001140",3.37353069668088,0.459199863593468,0.8885259575355,-12.042723653002,0.0100052698506632,10,"uM","Ca Ski","CASKI","CESC","IGF-1 INHIBITOR","AKT1;CCNE1;CDK2;CYP3A4;ERBB2;IGF1R;KDR;LCK;MAPK1;MET;PDGFRA;PDGFRB"
"ACH-001341","GDSC2:1091","BMS 536924","DPC-001140",25.5581115052614,0.101817475315789,0.829888889526553,-2.01151084991059,0.0100052698506632,10,"uM","DoTc2 4510","DOTC24510","MCCE","IGF-1 INHIBITOR","AKT1;CCNE1;CDK2;CYP3A4;ERBB2;IGF1R;KDR;LCK;MAPK1;MET;PDGFRA;PDGFRB"
"ACH-001525","GDSC2:1091","BMS 536924","DPC-001140",6.49096746513066,0.334689196464014,0.964566394147875,-0.940139720911564,0.0100052698506632,10,"uM","HT-3","HT3","CEAD","IGF-1 INHIBITOR","AKT1;CCNE1;CDK2;CYP3A4;ERBB2;IGF1R;KDR;LCK;MAPK1;MET;PDGFRA;PDGFRB"
"ACH-001086","GDSC2:1091","BMS 536924","DPC-001140",5.90825525920165,0,1.01,-1.01705712483804,0.0100052698506632,10,"uM","HeLa","HELA","ECAD","IGF-1 INHIBITOR","AKT1;CCNE1;CDK2;CYP3A4;ERBB2;IGF1R;KDR;LCK;MAPK1;MET;PDGFRA;PDGFRB"
"ACH-001359","GDSC2:1091","BMS 536924","DPC-001140",28.3745253621033,0,1.01,-0.447413428613701,0.0100052698506632,10,"uM","ME-180","ME180","CESC","IGF-1 INHIBITOR","AKT1;CCNE1;CDK2;CYP3A4;ERBB2;IGF1R;KDR;LCK;MAPK1;MET;PDGFRA;PDGFRB"
"ACH-001360","GDSC2:1091","BMS 536924","DPC-001140",15.0032794198461,0,0.915491280658448,-0.736109158203009,0.0100052698506632,10,"uM","MS751","MS751","CESC","IGF-1 INHIBITOR","AKT1;CCNE1;CDK2;CYP3A4;ERBB2;IGF1R;KDR;LCK;MAPK1;MET;PDGFRA;PDGFRB"
"ACH-000129","GDSC2:1091","BMS 536924","DPC-001140",9.43652916723266,0,0.865979227556468,-1.39783335812985,0.0100052698506632,10,"uM","NCI-H1341","NCIH1341","SCNEC","IGF-1 INHIBITOR","AKT1;CCNE1;CDK2;CYP3A4;ERBB2;IGF1R;KDR;LCK;MAPK1;MET;PDGFRA;PDGFRB"
"ACH-002180","GDSC2:1091","BMS 536924","DPC-001140",2.79375380318153,0.353795336112297,1.01,-2.06365930812854,0.0100052698506632,10,"uM","OMC-1","OMC1","CESC","IGF-1 INHIBITOR","AKT1;CCNE1;CDK2;CYP3A4;ERBB2;IGF1R;KDR;LCK;MAPK1;MET;PDGFRA;PDGFRB"
"ACH-000556","GDSC2:1091","BMS 536924","DPC-001140",25.8578359299218,0,0.922949655265885,-0.795913197739705,0.0100052698506632,10,"uM","SIHA","SIHA","CESC","IGF-1 INHIBITOR","AKT1;CCNE1;CDK2;CYP3A4;ERBB2;IGF1R;KDR;LCK;MAPK1;MET;PDGFRA;PDGFRB"
"ACH-001650","GDSC2:1091","BMS 536924","DPC-001140",5.29218259516073,0.322670102479341,0.907023268461331,-2.98682497228218,0.0100052698506632,10,"uM","SISO","SISO","CEAD","IGF-1 INHIBITOR","AKT1;CCNE1;CDK2;CYP3A4;ERBB2;IGF1R;KDR;LCK;MAPK1;MET;PDGFRA;PDGFRB"
"ACH-001402","GDSC2:1091","BMS 536924","DPC-001140",2.0814041546564,0.698768754180077,0.920617485778966,-3.7457913390885,0.0100052698506632,10,"uM","SW756","SW756","CESC","IGF-1 INHIBITOR","AKT1;CCNE1;CDK2;CYP3A4;ERBB2;IGF1R;KDR;LCK;MAPK1;MET;PDGFRA;PDGFRB"
"ACH-002201","GDSC2:1091","BMS 536924","DPC-001140",0.489719186466832,0.199075481250937,1.01,-0.545448688603882,0.0100052698506632,10,"uM","TC-YIK","TCYIK","SCCE","IGF-1 INHIBITOR","AKT1;CCNE1;CDK2;CYP3A4;ERBB2;IGF1R;KDR;LCK;MAPK1;MET;PDGFRA;PDGFRB"
"ACH-002180","GDSC2:1037","BX-795","DPC-001409",3.05388268870354,0.765698519231507,0.921991548873688,-15.5786600500019,0.0100052698506632,10,"uM","OMC-1","OMC1","CESC","IKK INHIBITOR","CDK2;CHEK1;GSK3B;KDR;PDK1;PDPK1"
"ACH-001333","GDSC2:2040","EXEL-2880","DPC-002683",4.89547690785679,0,1.01,-2.07686898362954,0.0100052698506632,10,"uM","C-33 A","C33A","CESC","VEGFR INHIBITOR","FLT1;FLT4;KDR;MET"
"ACH-001334","GDSC2:2040","EXEL-2880","DPC-002683",0.979224082035338,0.189717244079576,0.957190390910258,-13.5834123012219,0.0100052698506632,10,"uM","C-4 I","C4I","CESC","VEGFR INHIBITOR","FLT1;FLT4;KDR;MET"
"ACH-001336","GDSC2:2040","EXEL-2880","DPC-002683",3.09919080543211,0,0.95432505644504,-1.24926109175859,0.0100052698506632,10,"uM","Ca Ski","CASKI","CESC","VEGFR INHIBITOR","FLT1;FLT4;KDR;MET"
"ACH-001341","GDSC2:2040","EXEL-2880","DPC-002683",7.35482796156239,0,0.904122142374597,-3.50157888348096,0.0100052698506632,10,"uM","DoTc2 4510","DOTC24510","MCCE","VEGFR INHIBITOR","FLT1;FLT4;KDR;MET"
"ACH-001525","GDSC2:2040","EXEL-2880","DPC-002683",3.88832423767894,0.541166532162917,0.921712432320267,-7.74690238218845,0.0100052698506632,10,"uM","HT-3","HT3","CEAD","VEGFR INHIBITOR","FLT1;FLT4;KDR;MET"
"ACH-001086","GDSC2:2040","EXEL-2880","DPC-002683",1.36271094069542,0.080030834965703,0.959876780168988,-2.32603444990337,0.0100052698506632,10,"uM","HeLa","HELA","ECAD","VEGFR INHIBITOR","FLT1;FLT4;KDR;MET"
"ACH-001359","GDSC2:2040","EXEL-2880","DPC-002683",4.54059740938168,0,0.908431345550066,-1.97829449194501,0.0100052698506632,10,"uM","ME-180","ME180","CESC","VEGFR INHIBITOR","FLT1;FLT4;KDR;MET"
"ACH-001360","GDSC2:2040","EXEL-2880","DPC-002683",5.53113709728673,0,0.88771240129553,-1.57995647735583,0.0100052698506632,10,"uM","MS751","MS751","CESC","VEGFR INHIBITOR","FLT1;FLT4;KDR;MET"
"ACH-000129","GDSC2:2040","EXEL-2880","DPC-002683",0.809421662515803,0.0560370145959843,1.01,-0.567760830714757,0.0100052698506632,10,"uM","NCI-H1341","NCIH1341","SCNEC","VEGFR INHIBITOR","FLT1;FLT4;KDR;MET"
"ACH-002180","GDSC2:2040","EXEL-2880","DPC-002683",2.21801731787203,0.284764743248954,0.856631576462192,-2.30819448871215,0.0100052698506632,10,"uM","OMC-1","OMC1","CESC","VEGFR INHIBITOR","FLT1;FLT4;KDR;MET"
"ACH-000556","GDSC2:2040","EXEL-2880","DPC-002683",6.50557267748574,0,0.830179978514243,-3.02278222429645,0.0100052698506632,10,"uM","SIHA","SIHA","CESC","VEGFR INHIBITOR","FLT1;FLT4;KDR;MET"
"ACH-001650","GDSC2:2040","EXEL-2880","DPC-002683",3.32186855746277,0.110593052731802,0.91801127105508,-1.28612093599943,0.0100052698506632,10,"uM","SISO","SISO","CEAD","VEGFR INHIBITOR","FLT1;FLT4;KDR;MET"
"ACH-001402","GDSC2:2040","EXEL-2880","DPC-002683",0.895454500487085,0.84734599540615,1.00215548011543,-17.5876693389619,0.0100052698506632,10,"uM","SW756","SW756","CESC","VEGFR INHIBITOR","FLT1;FLT4;KDR;MET"
"ACH-002201","GDSC2:2040","EXEL-2880","DPC-002683",0.529065169791217,0.0781750083654996,0.97560913503429,-6.20166372660038,0.0100052698506632,10,"uM","TC-YIK","TCYIK","SCCE","VEGFR INHIBITOR","FLT1;FLT4;KDR;MET"
"ACH-001333","GDSC2:1049","PD 173074","DPC-004948",11.8621438792517,0.530671655169218,1.01,-0.832917844238608,0.00200105397013264,10,"uM","C-33 A","C33A","CESC","FGFR INHIBITOR, VEGFR INHIBITOR","FGFR1;FGFR2;FGFR3;FGFR4;FLT1;FLT4;KDR;PDGFRA;PDGFRB"
"ACH-001334","GDSC2:1049","PD 173074","DPC-004948",3.75551011214745,0.839601391095264,0.974603164107945,-11.6613719765449,0.00200105397013264,10,"uM","C-4 I","C4I","CESC","FGFR INHIBITOR, VEGFR INHIBITOR","FGFR1;FGFR2;FGFR3;FGFR4;FLT1;FLT4;KDR;PDGFRA;PDGFRB"
"ACH-001336","GDSC2:1049","PD 173074","DPC-004948",3.05905085072038,0.605514549740269,0.962042513557661,-6.68225079786995,0.00200105397013264,10,"uM","Ca Ski","CASKI","CESC","FGFR INHIBITOR, VEGFR INHIBITOR","FGFR1;FGFR2;FGFR3;FGFR4;FLT1;FLT4;KDR;PDGFRA;PDGFRB"
"ACH-001341","GDSC2:1049","PD 173074","DPC-004948",3.20262536550671,0.610949755247239,0.944215104655722,-20.7221997058755,0.00200105397013264,10,"uM","DoTc2 4510","DOTC24510","MCCE","FGFR INHIBITOR, VEGFR INHIBITOR","FGFR1;FGFR2;FGFR3;FGFR4;FLT1;FLT4;KDR;PDGFRA;PDGFRB"
"ACH-001525","GDSC2:1049","PD 173074","DPC-004948",0.00576348598922397,0.985180684103717,1.00999999837374,-8.45570248660727,0.00200105397013264,10,"uM","HT-3","HT3","CEAD","FGFR INHIBITOR, VEGFR INHIBITOR","FGFR1;FGFR2;FGFR3;FGFR4;FLT1;FLT4;KDR;PDGFRA;PDGFRB"
"ACH-001086","GDSC2:1049","PD 173074","DPC-004948",0.0855332262732292,0.964932775317385,1.00639659907001,-108.991930113046,0.00200105397013264,10,"uM","HeLa","HELA","ECAD","FGFR INHIBITOR, VEGFR INHIBITOR","FGFR1;FGFR2;FGFR3;FGFR4;FLT1;FLT4;KDR;PDGFRA;PDGFRB"
"ACH-001359","GDSC2:1049","PD 173074","DPC-004948",0.36440932564663,0.885438632604131,0.979390139424256,-2.53574681957959,0.00200105397013264,10,"uM","ME-180","ME180","CESC","FGFR INHIBITOR, VEGFR INHIBITOR","FGFR1;FGFR2;FGFR3;FGFR4;FLT1;FLT4;KDR;PDGFRA;PDGFRB"
"ACH-001360","GDSC2:1049","PD 173074","DPC-004948",14.6454417225047,0.00617848087232409,0.988808895505092,-5.4605101930813,0.00200105397013264,10,"uM","MS751","MS751","CESC","FGFR INHIBITOR, VEGFR INHIBITOR","FGFR1;FGFR2;FGFR3;FGFR4;FLT1;FLT4;KDR;PDGFRA;PDGFRB"
"ACH-000129","GDSC2:1049","PD 173074","DPC-004948",0.00353898533100308,0.956734336801368,1.00999998872295,-14.6565192049203,0.00200105397013264,10,"uM","NCI-H1341","NCIH1341","SCNEC","FGFR INHIBITOR, VEGFR INHIBITOR","FGFR1;FGFR2;FGFR3;FGFR4;FLT1;FLT4;KDR;PDGFRA;PDGFRB"
"ACH-002180","GDSC2:1049","PD 173074","DPC-004948",10.9468548428787,0.388977674860331,0.995195575643131,-9.5052451545457,0.0100052698506632,10,"uM","OMC-1","OMC1","CESC","FGFR INHIBITOR, VEGFR INHIBITOR","FGFR1;FGFR2;FGFR3;FGFR4;FLT1;FLT4;KDR;PDGFRA;PDGFRB"
"ACH-000556","GDSC2:1049","PD 173074","DPC-004948",0.0244309515341557,0.924152200774484,0.95384717402582,-25.8960595879282,0.00200105397013264,10,"uM","SIHA","SIHA","CESC","FGFR INHIBITOR, VEGFR INHIBITOR","FGFR1;FGFR2;FGFR3;FGFR4;FLT1;FLT4;KDR;PDGFRA;PDGFRB"
"ACH-001650","GDSC2:1049","PD 173074","DPC-004948",2.53354742656056,0.917912720944848,0.984032245182115,-30.7918705542263,0.00200105397013264,10,"uM","SISO","SISO","CEAD","FGFR INHIBITOR, VEGFR INHIBITOR","FGFR1;FGFR2;FGFR3;FGFR4;FLT1;FLT4;KDR;PDGFRA;PDGFRB"
"ACH-001402","GDSC2:1049","PD 173074","DPC-004948",18.5434514427152,0.31535952322009,1.00999992652517,-4.17009104140149,0.00200105397013264,10,"uM","SW756","SW756","CESC","FGFR INHIBITOR, VEGFR INHIBITOR","FGFR1;FGFR2;FGFR3;FGFR4;FLT1;FLT4;KDR;PDGFRA;PDGFRB"
"ACH-002201","GDSC2:1049","PD 173074","DPC-004948",2.93900282148618,0.439719988324061,1.01,-1.3152313488037,0.00200105397013264,10,"uM","TC-YIK","TCYIK","SCCE","FGFR INHIBITOR, VEGFR INHIBITOR","FGFR1;FGFR2;FGFR3;FGFR4;FLT1;FLT4;KDR;PDGFRA;PDGFRB"
"ACH-001333","GDSC2:1036","PLX 4720","DPC-005247",117.156847832223,0,0.924259802465331,-0.70685092948279,0.0100052698506632,10,"uM","C-33 A","C33A","CESC","RAF INHIBITOR","BRAF;KDR"
"ACH-001334","GDSC2:1036","PLX 4720","DPC-005247",15.2511239824153,0.0877004241063718,0.96036781677313,-3.59467763735704,0.0100052698506632,10,"uM","C-4 I","C4I","CESC","RAF INHIBITOR","BRAF;KDR"
"ACH-001336","GDSC2:1036","PLX 4720","DPC-005247",3.36932959091316,0.837565393739876,0.963237711997881,-12.5558412494052,0.0100052698506632,10,"uM","Ca Ski","CASKI","CESC","RAF INHIBITOR","BRAF;KDR"
"ACH-001341","GDSC2:1036","PLX 4720","DPC-005247",1.79812918096771,0.830363630769961,0.923065757099778,-26.4226980103309,0.0100052698506632,10,"uM","DoTc2 4510","DOTC24510","MCCE","RAF INHIBITOR","BRAF;KDR"
"ACH-001525","GDSC2:1036","PLX 4720","DPC-005247",2.43206813909589,0.917146843979069,1.0099999997148,-3.24853887679191,0.0100052698506632,10,"uM","HT-3","HT3","CEAD","RAF INHIBITOR","BRAF;KDR"
"ACH-001086","GDSC2:1036","PLX 4720","DPC-005247",11.8550610435034,0,1.01,-11.260233360579,0.0100052698506632,10,"uM","HeLa","HELA","ECAD","RAF INHIBITOR","BRAF;KDR"
"ACH-001359","GDSC2:1036","PLX 4720","DPC-005247",3.03407553147783,0.701655241760171,0.987216088729193,-9.53360384717165,0.0100052698506632,10,"uM","ME-180","ME180","CESC","RAF INHIBITOR","BRAF;KDR"
"ACH-001360","GDSC2:1036","PLX 4720","DPC-005247",1.78793799928659,0.952080122420108,0.993377472124605,-14.1605539052311,0.0100052698506632,10,"uM","MS751","MS751","CESC","RAF INHIBITOR","BRAF;KDR"
"ACH-000129","GDSC2:1036","PLX 4720","DPC-005247",8.61851628964223,0.920349030335824,1.00860731799188,-7.54602893326817,0.0100052698506632,10,"uM","NCI-H1341","NCIH1341","SCNEC","RAF INHIBITOR","BRAF;KDR"
"ACH-002180","GDSC2:1036","PLX 4720","DPC-005247",0.577278624630077,0.75209113492463,0.897188122108541,-18.1807872792012,0.0100052698506632,10,"uM","OMC-1","OMC1","CESC","RAF INHIBITOR","BRAF;KDR"
"ACH-000556","GDSC2:1036","PLX 4720","DPC-005247",11.4384280157864,0.180543107302531,0.951648901150363,-11.1253260245835,0.0100052698506632,10,"uM","SIHA","SIHA","CESC","RAF INHIBITOR","BRAF;KDR"
"ACH-001650","GDSC2:1036","PLX 4720","DPC-005247",3.6264158762917,0.879141350251266,1.00925245095412,-3.75108329835464,0.0100052698506632,10,"uM","SISO","SISO","CEAD","RAF INHIBITOR","BRAF;KDR"
"ACH-001402","GDSC2:1036","PLX 4720","DPC-005247",1.40363312534489,0.849343025856351,1.00998584748165,-1.86456501596597,0.0100052698506632,10,"uM","SW756","SW756","CESC","RAF INHIBITOR","BRAF;KDR"
"ACH-002201","GDSC2:1036","PLX 4720","DPC-005247",0.590394982686227,0.942027903963688,1.00108465351334,-15.9780077651456,0.0100052698506632,10,"uM","TC-YIK","TCYIK","SCCE","RAF INHIBITOR","BRAF;KDR"
